galaxy10;150.000000;SMARTPHONE;10000.000000;Samsung
Iphone;130.000000;SMARTPHONE;10000.000000;Apple
Ipad;200.000000;TABLETPC;20000.000000;Apple
V50;100.000000;SMARTPHONE;8000.000000;LG
galaxy20;190.000000;SMARTPHONE;15000.000000;Samsung
galaxy10S;180.000000;SMARTPHONE;15000.000000;Samsung
galaxyNote10;180.000000;SMARTPHONE;15000.000000;Samsung